{
    "coord": {
        "mean": 0.24913699690974517,
        "std": 0.18983102278548186
    },
    "dist": {
        "mean": 0.3916568410396484,
        "std": 0.20691795992373377
    },
    "h2_phi_xx": {
        "mean": 0.000787845869358141,
        "std": 0.0011866764427605246
    },
    "hk": {
        "mean": -0.0971399479003031,
        "std": 0.09845246804689595
    },
    "phi": {
        "mean": 0.02923809353866614,
        "std": 0.781036274801264
    },
    "vel": {
        "mean": -0.24867813770206199,
        "std": 0.1906355226791586
    }
}