{
    "coord": {
        "mean": 0.2493069920551825,
        "std": 0.18989966234349528
    },
    "dist": {
        "mean": 0.3920733822430369,
        "std": 0.2066644154751286
    },
    "h2_phi_xx": {
        "mean": 0.0009930431771865925,
        "std": 0.0014450230442872066
    },
    "hk": {
        "mean": -0.12133972569662566,
        "std": 0.11605044269212737
    },
    "phi": {
        "mean": 0.03736012507159642,
        "std": 0.7790575857838401
    },
    "vel": {
        "mean": -0.2488520369264477,
        "std": 0.19080140315263344
    }
}